{"jaccard_index": [0.34649214148521423, 0.38968127965927124, 0.40392041206359863, 0.409355103969574, 0.44182494282722473, 0.45952290296554565, 0.5198925137519836, 0.5640729069709778, 0.5672468543052673, 0.585096538066864, 0.6097102165222168, 0.6373629570007324, 0.6383071541786194, 0.6490569114685059, 0.6646791100502014, 0.6744619011878967, 0.6708881258964539, 0.6883063912391663, 0.6929305791854858, 0.6981708407402039, 0.7120389938354492, 0.7046895027160645, 0.7131802439689636, 0.7286339402198792, 0.7257540822029114, 0.7363227605819702, 0.7324913740158081, 0.7334588170051575, 0.7440661787986755, 0.7378700375556946, 0.7505366206169128, 0.7569848895072937, 0.751205563545227, 0.7596155405044556, 0.7619698643684387, 0.7902377247810364, 0.8018150329589844, 0.8106020092964172, 0.8188715577125549, 0.8266405463218689, 0.8266564607620239, 0.8383050560951233, 0.853040874004364, 0.8570351004600525, 0.8644118309020996, 0.8675130009651184], "loss": [0.5182396173477173, 0.4786777198314667, 0.45671072602272034, 0.4404803514480591, 0.43453168869018555, 0.4056444466114044, 0.3430527448654175, 0.3006729483604431, 0.29808318614959717, 0.283903032541275, 0.26354318857192993, 0.24119965732097626, 0.2411801517009735, 0.23039747774600983, 0.2182692438364029, 0.21156048774719238, 0.21534526348114014, 0.2021433413028717, 0.19615718722343445, 0.1925278753042221, 0.18136531114578247, 0.18827353417873383, 0.18155217170715332, 0.16958367824554443, 0.17164088785648346, 0.1656721979379654, 0.1669492870569229, 0.1677120476961136, 0.15862834453582764, 0.1641526073217392, 0.1529381275177002, 0.1494431495666504, 0.1540384143590927, 0.14944317936897278, 0.14538010954856873, 0.12587669491767883, 0.11891399323940277, 0.11310897767543793, 0.10769476741552353, 0.10243573039770126, 0.10102124512195587, 0.09524422138929367, 0.08584712445735931, 0.08287418633699417, 0.07860614359378815, 0.07630105316638947], "val_jaccard_index": [0.42211151123046875, 0.43924376368522644, 0.45371773838996887, 0.43483784794807434, 0.4573836624622345, 0.5138866901397705, 0.5741000175476074, 0.5397388935089111, 0.5711301565170288, 0.6317275762557983, 0.6025108695030212, 0.6091400384902954, 0.6564729809761047, 0.6316647529602051, 0.6623650193214417, 0.6996983289718628, 0.7002641558647156, 0.6863148808479309, 0.6831951141357422, 0.721872866153717, 0.7065842747688293, 0.7100691795349121, 0.711416482925415, 0.6984837651252747, 0.7186921834945679, 0.7161092758178711, 0.7287103533744812, 0.7335799336433411, 0.7199835777282715, 0.7339593768119812, 0.7374590039253235, 0.7308071255683899, 0.7330158948898315, 0.7252243161201477, 0.740893542766571, 0.750249445438385, 0.7495991587638855, 0.7520201206207275, 0.7496722340583801, 0.7503975033760071, 0.7481759786605835, 0.7489941120147705, 0.7480491995811462, 0.7253865599632263, 0.7508196830749512, 0.7492774128913879], "val_loss": [0.41858360171318054, 0.41043829917907715, 0.4011232852935791, 0.4144020080566406, 0.3903869688510895, 0.349449098110199, 0.300185889005661, 0.3305937647819519, 0.2958239018917084, 0.25729307532310486, 0.2675599157810211, 0.2666533589363098, 0.22929924726486206, 0.25660455226898193, 0.21721531450748444, 0.1933024674654007, 0.1980312466621399, 0.20303621888160706, 0.21737384796142578, 0.18525050580501556, 0.18785862624645233, 0.19410032033920288, 0.18234838545322418, 0.19342154264450073, 0.17141520977020264, 0.1817806363105774, 0.1759781837463379, 0.1716114729642868, 0.1783495992422104, 0.16359476745128632, 0.16742193698883057, 0.17302416265010834, 0.1716829538345337, 0.17531727254390717, 0.16507768630981445, 0.15748484432697296, 0.16305387020111084, 0.1589239239692688, 0.16129450500011444, 0.16353456676006317, 0.16493342816829681, 0.1612304449081421, 0.16668830811977386, 0.167167529463768, 0.16560597717761993, 0.16684164106845856], "learning_rate": [0.0010000000474974513, 0.0010000000474974513, 0.0010000000474974513, 0.0010000000474974513, 0.0010000000474974513, 0.0010000000474974513, 0.0010000000474974513, 0.0010000000474974513, 0.0010000000474974513, 0.0010000000474974513, 0.0010000000474974513, 0.0010000000474974513, 0.0010000000474974513, 0.0010000000474974513, 0.0010000000474974513, 0.0010000000474974513, 0.0010000000474974513, 0.0010000000474974513, 0.0010000000474974513, 0.0010000000474974513, 0.0010000000474974513, 0.0010000000474974513, 0.0010000000474974513, 0.0010000000474974513, 0.0010000000474974513, 0.0010000000474974513, 0.0010000000474974513, 0.0010000000474974513, 0.0010000000474974513, 0.0010000000474974513, 0.0010000000474974513, 0.0010000000474974513, 0.0010000000474974513, 0.0010000000474974513, 0.0010000000474974513, 0.0005000000237487257, 0.0005000000237487257, 0.0005000000237487257, 0.0005000000237487257, 0.0005000000237487257, 0.0005000000237487257, 0.0002500000118743628, 0.0002500000118743628, 0.0002500000118743628, 0.0002500000118743628, 0.0002500000118743628]}