{"jaccard_index": [0.3590671718120575, 0.41570740938186646, 0.43907061219215393, 0.46395444869995117, 0.4728059470653534, 0.49197739362716675, 0.4888017475605011, 0.4978756010532379, 0.4973585307598114, 0.5031716227531433, 0.501413106918335, 0.5020851492881775, 0.5020910501480103, 0.5131306052207947, 0.4997231066226959, 0.5147469639778137, 0.5112032294273376, 0.5231577754020691, 0.5227712988853455, 0.5186578631401062, 0.5221438407897949, 0.5218556523323059, 0.5257700681686401, 0.5287827849388123, 0.5287091135978699, 0.5304898619651794, 0.5311571955680847, 0.5298480987548828, 0.5348952412605286, 0.5323433876037598, 0.5425304174423218, 0.5406966805458069, 0.5361637473106384, 0.5461687445640564, 0.5398855209350586, 0.5422797799110413, 0.5475740432739258, 0.5432730913162231, 0.5417162775993347, 0.5478848218917847, 0.5505183339118958, 0.5459275841712952, 0.5480226874351501, 0.5466127991676331, 0.5432511568069458, 0.5472761988639832, 0.5561997294425964, 0.5553013682365417, 0.5499347448348999, 0.5577515959739685, 0.5562038421630859, 0.5591897368431091, 0.5557391047477722, 0.5578665137290955, 0.5545549988746643, 0.5602740049362183, 0.5596031546592712, 0.5549778342247009, 0.5572533011436462, 0.5629233717918396, 0.5588815212249756, 0.5578672289848328, 0.557385265827179, 0.5572791695594788, 0.5606510043144226, 0.5627148747444153, 0.5607665181159973, 0.5629911422729492, 0.5638556480407715, 0.5667028427124023, 0.5657276511192322, 0.5667164325714111, 0.5659540295600891, 0.5651922821998596, 0.5680810809135437, 0.5661063194274902, 0.5706494450569153, 0.5668473243713379, 0.568965494632721, 0.5652763247489929, 0.5695138573646545, 0.5667503476142883, 0.5681661367416382, 0.5711000561714172, 0.5692066550254822, 0.5699615478515625, 0.5692922472953796, 0.5717053413391113], "loss": [0.49639400839805603, 0.43699145317077637, 0.41348588466644287, 0.3900264799594879, 0.383494108915329, 0.3619834780693054, 0.3677370548248291, 0.35658442974090576, 0.3574894368648529, 0.3514533042907715, 0.3546013832092285, 0.35276684165000916, 0.35168421268463135, 0.343357652425766, 0.35215938091278076, 0.33961907029151917, 0.34250378608703613, 0.33334678411483765, 0.3351168632507324, 0.3367672860622406, 0.33465421199798584, 0.33352017402648926, 0.32649025321006775, 0.3289594352245331, 0.3249562382698059, 0.3253580331802368, 0.32593676447868347, 0.32630211114883423, 0.3213927745819092, 0.3258303105831146, 0.31428447365760803, 0.3158453106880188, 0.31841641664505005, 0.31110987067222595, 0.31476670503616333, 0.31396275758743286, 0.30865371227264404, 0.31488749384880066, 0.312824010848999, 0.309569776058197, 0.307519793510437, 0.30912983417510986, 0.3080522119998932, 0.3105905055999756, 0.3121022880077362, 0.3094167113304138, 0.30243390798568726, 0.3033749461174011, 0.3063672184944153, 0.3006514310836792, 0.3010022044181824, 0.30018797516822815, 0.30017685890197754, 0.30045703053474426, 0.3014335334300995, 0.3000054955482483, 0.30034151673316956, 0.3024832606315613, 0.2985127568244934, 0.29678964614868164, 0.30070480704307556, 0.2994626760482788, 0.2992553114891052, 0.301510751247406, 0.2980758845806122, 0.2965289056301117, 0.298096626996994, 0.29581886529922485, 0.2940986454486847, 0.2934251129627228, 0.2938773036003113, 0.2922174334526062, 0.2935709059238434, 0.2942514717578888, 0.29184240102767944, 0.2922646999359131, 0.2902601957321167, 0.2915330231189728, 0.28996050357818604, 0.2930128574371338, 0.2912057638168335, 0.29075759649276733, 0.29008376598358154, 0.2886502742767334, 0.2895779609680176, 0.2896929085254669, 0.28759658336639404, 0.289048433303833], "val_jaccard_index": [0.40880635380744934, 0.44730669260025024, 0.4802471995353699, 0.4226682186126709, 0.49724477529525757, 0.5028526186943054, 0.5301719903945923, 0.518420398235321, 0.5067771077156067, 0.49666890501976013, 0.5342392325401306, 0.5411186218261719, 0.5314330458641052, 0.5239471793174744, 0.532508134841919, 0.5329364538192749, 0.5483728051185608, 0.5368548035621643, 0.530580997467041, 0.5232127904891968, 0.5158225893974304, 0.5412923097610474, 0.5223326683044434, 0.5418919920921326, 0.5435784459114075, 0.5462009310722351, 0.5564333200454712, 0.5532668232917786, 0.5195098519325256, 0.5558391213417053, 0.5487843751907349, 0.5399131178855896, 0.5681639313697815, 0.56200110912323, 0.5637742877006531, 0.554776668548584, 0.5668558478355408, 0.5697370767593384, 0.5612336993217468, 0.5585312843322754, 0.5783994793891907, 0.5642246603965759, 0.5459502339363098, 0.5597593784332275, 0.5749462246894836, 0.5607174038887024, 0.5624948143959045, 0.57492595911026, 0.5816571712493896, 0.578575074672699, 0.5758107304573059, 0.5853028297424316, 0.5796512961387634, 0.5893085598945618, 0.5751150250434875, 0.5681071877479553, 0.5682154893875122, 0.578788161277771, 0.579458475112915, 0.5789106488227844, 0.5863432288169861, 0.5710012316703796, 0.593181848526001, 0.587660014629364, 0.5796183943748474, 0.5749348998069763, 0.5934460759162903, 0.5851648449897766, 0.5914638638496399, 0.5781058073043823, 0.5935192108154297, 0.5859267711639404, 0.579941987991333, 0.5863964557647705, 0.5804499983787537, 0.5740504860877991, 0.5796095132827759, 0.5943964719772339, 0.5948589444160461, 0.5879659652709961, 0.5853428840637207, 0.5806463360786438, 0.5805926322937012, 0.5784103274345398, 0.5828649997711182, 0.591691255569458, 0.5945472717285156, 0.5867774486541748], "val_loss": [0.43532228469848633, 0.3935949504375458, 0.37236443161964417, 0.417404443025589, 0.3688981831073761, 0.3529943525791168, 0.3406592607498169, 0.34041497111320496, 0.34163525700569153, 0.34849098324775696, 0.3440031409263611, 0.3270590305328369, 0.3249141573905945, 0.3233768045902252, 0.336184561252594, 0.31731799244880676, 0.31264910101890564, 0.32216811180114746, 0.32371842861175537, 0.3236996829509735, 0.33756881952285767, 0.3221243917942047, 0.3256209194660187, 0.3060823976993561, 0.3035508990287781, 0.31701481342315674, 0.31020233035087585, 0.3101328909397125, 0.3299955129623413, 0.30662763118743896, 0.30746224522590637, 0.31498926877975464, 0.2962944507598877, 0.30108916759490967, 0.2933374047279358, 0.2988783121109009, 0.2901455760002136, 0.2954031527042389, 0.30472737550735474, 0.2939727306365967, 0.2894762456417084, 0.2976095974445343, 0.3008716106414795, 0.29907330870628357, 0.29201802611351013, 0.29431435465812683, 0.293550580739975, 0.29033780097961426, 0.28787025809288025, 0.2858313322067261, 0.2897372841835022, 0.28364893794059753, 0.28525280952453613, 0.28051483631134033, 0.29008662700653076, 0.2824079394340515, 0.2978622019290924, 0.2857857346534729, 0.27999448776245117, 0.28267720341682434, 0.2848673164844513, 0.2793525457382202, 0.27760422229766846, 0.28159502148628235, 0.2792983055114746, 0.2838439345359802, 0.27806925773620605, 0.2850298285484314, 0.2775314748287201, 0.2795867919921875, 0.27712514996528625, 0.2811315655708313, 0.2807624638080597, 0.2777436673641205, 0.28470686078071594, 0.2826583683490753, 0.28216317296028137, 0.2760007083415985, 0.276703804731369, 0.27619361877441406, 0.28134119510650635, 0.27851831912994385, 0.2808857858181, 0.2807151973247528, 0.2810487151145935, 0.27957406640052795, 0.27648425102233887, 0.2843025326728821],