{"jaccard_index": [0.3714728057384491, 0.448099821805954, 0.47246453166007996, 0.4903535544872284, 0.5143036842346191, 0.531298041343689, 0.5382965207099915, 0.5574768781661987, 0.5633171796798706, 0.5762940645217896, 0.5724607110023499, 0.583073616027832, 0.5819551348686218, 0.5536458492279053, 0.5879294276237488, 0.594523012638092, 0.5884809494018555, 0.5979393124580383, 0.596869945526123, 0.5941233038902283, 0.5993391275405884, 0.6067677736282349, 0.599146842956543, 0.5993026494979858, 0.5990424156188965, 0.6091076731681824, 0.5941151976585388, 0.6124130487442017, 0.6177557706832886, 0.6261810064315796, 0.6164695024490356, 0.6152628660202026, 0.6215433478355408, 0.6230857968330383, 0.6222177147865295, 0.6151171326637268, 0.6165643334388733, 0.6251626014709473, 0.6254405379295349, 0.6305361390113831, 0.6284376978874207, 0.6322724223136902, 0.6269572377204895, 0.6411347985267639, 0.6428624391555786, 0.6447950601577759, 0.6456432342529297, 0.6436218619346619, 0.6469153761863708, 0.6430088877677917, 0.6491823196411133, 0.6424427032470703, 0.6522929072380066, 0.6494706273078918, 0.6483909487724304, 0.6503837704658508, 0.6491811871528625, 0.646783709526062, 0.6595595479011536, 0.6569591760635376, 0.6592766642570496, 0.656751811504364, 0.6610651016235352], "loss": [0.49053359031677246, 0.4089950919151306, 0.38707834482192993, 0.3692137598991394, 0.3452688455581665, 0.3268119990825653, 0.32175663113594055, 0.3054526448249817, 0.30097147822380066, 0.2867249548435211, 0.2942081391811371, 0.2830423414707184, 0.28027045726776123, 0.31018656492233276, 0.27797847986221313, 0.27227309346199036, 0.2768821120262146, 0.26835131645202637, 0.26699545979499817, 0.2700936198234558, 0.2685921788215637, 0.2612358033657074, 0.26790109276771545, 0.26855555176734924, 0.2669954001903534, 0.26044195890426636, 0.27188512682914734, 0.25592055916786194, 0.2503993809223175, 0.24649275839328766, 0.2513960301876068, 0.2533663809299469, 0.2487853467464447, 0.2461155354976654, 0.24890127778053284, 0.2528003454208374, 0.2513405680656433, 0.24663032591342926, 0.24698540568351746, 0.2419927567243576, 0.24219848215579987, 0.241799995303154, 0.24424690008163452, 0.23219439387321472, 0.23218023777008057, 0.23068377375602722, 0.2293926477432251, 0.22976593673229218, 0.22854910790920258, 0.23188526928424835, 0.2262171506881714, 0.23061339557170868, 0.22599008679389954, 0.22579960525035858, 0.22560711205005646, 0.22692061960697174, 0.22601643204689026, 0.22824940085411072, 0.22039417922496796, 0.2188822478055954, 0.21782004833221436, 0.22089745104312897, 0.21919947862625122], "val_jaccard_index": [0.4051785171031952, 0.5186507105827332, 0.48721447587013245, 0.4717043340206146, 0.5289268493652344, 0.558579683303833, 0.5711069703102112, 0.5857782959938049, 0.554673433303833, 0.6005907654762268, 0.5967121124267578, 0.6228207945823669, 0.4954177439212799, 0.5893839001655579, 0.6028135418891907, 0.6086372137069702, 0.6067109107971191, 0.5777792930603027, 0.6188527941703796, 0.5498169660568237, 0.612139880657196, 0.6319666504859924, 0.5973212122917175, 0.5987811088562012, 0.6134269833564758, 0.6122574806213379, 0.6198263168334961, 0.6432355046272278, 0.637866199016571, 0.641968309879303, 0.6389011740684509, 0.6383617520332336, 0.6440694332122803, 0.6342269778251648, 0.6391428112983704, 0.5996378660202026, 0.6339004635810852, 0.647261381149292, 0.6295887231826782, 0.6493245363235474, 0.6358736753463745, 0.6196811199188232, 0.6384941339492798, 0.6502897143363953, 0.648037850856781, 0.6541910767555237, 0.6594370007514954, 0.6490955948829651, 0.6391427516937256, 0.6662083864212036, 0.6526913046836853, 0.6511594653129578, 0.6673659086227417, 0.6630329489707947, 0.6622629761695862, 0.6462485194206238, 0.662020206451416, 0.6549122929573059, 0.641434907913208, 0.6435599327087402, 0.665561854839325, 0.6445425152778625, 0.653127908706665], "val_loss": [0.43492135405540466, 0.3515080213546753, 0.38251471519470215, 0.37051141262054443, 0.32574957609176636, 0.3016218841075897, 0.2843014895915985, 0.296268492937088, 0.3016528785228729, 0.2700033485889435, 0.27411144971847534, 0.25922971963882446, 0.36347460746765137, 0.2765522003173828, 0.2639386057853699, 0.26389285922050476, 0.25693508982658386, 0.2743527591228485, 0.25329530239105225, 0.3157138228416443, 0.25195586681365967, 0.24434082210063934, 0.2640173137187958, 0.25603076815605164, 0.25352567434310913, 0.2681024670600891, 0.24678047001361847, 0.23701083660125732, 0.23941469192504883, 0.23641885817050934, 0.23987001180648804, 0.2393098920583725, 0.23443825542926788, 0.24296842515468597, 0.2456257939338684, 0.2569761276245117, 0.2403300404548645, 0.2312217801809311, 0.2518032193183899, 0.23136116564273834, 0.2350829839706421, 0.2545442581176758, 0.2412179559469223, 0.2318861484527588, 0.2305128276348114, 0.22697633504867554, 0.22427251935005188, 0.2257615327835083, 0.2261907011270523, 0.22263865172863007, 0.23143784701824188, 0.22223077714443207, 0.2196592539548874, 0.2198268622159958, 0.2218044102191925, 0.23453332483768463, 0.22603176534175873, 0.22727207839488983, 0.23185697197914124, 0.22667592763900757, 0.22092269361019135, 0.2249644249677658, 0.22822977602481842], "learning_rate": [0.0010000000474974513, 0.0010000000474974513, 0.0010000000474974513, 0.0010000000474974513, 0.0010000000474974513, 0.0010000000474974513, 0.0010000000474974513, 0.0010000000474974513, 0.0010000000474974513, 0.0010000000474974513, 0.0010000000474974513, 0.0010000000474974513, 0.0010000000474974513, 0.0010000000474974513, 0.0010000000474974513, 0.0010000000474974513, 0.0010000000474974513, 0.0010000000474974513, 0.0010000000474974513, 0.0010000000474974513, 0.0010000000474974513, 0.0010000000474974513, 0.0010000000474974513, 0.0010000000474974513, 0.0010000000474974513, 0.0010000000474974513, 0.0010000000474974513, 0.0005000000237487257, 0.0005000000237487257, 0.0005000000237487257, 0.0005000000237487257, 0.0005000000237487257, 0.0005000000237487257, 0.0005000000237487257, 0.0005000000237487257, 0.0005000000237487257, 0.0005000000237487257, 0.0005000000237487257, 0.0005000000237487257, 0.0005000000237487257, 0.0005000000237487257, 0.0005000000237487257, 0.0005000000237487257, 0.0002500000118743628, 0.0002500000118743628, 0.0002500000118743628, 0.0002500000118743628, 0.0002500000118743628, 0.0002500000118743628, 0.0002500000118743628, 0.0002500000118743628, 0.0002500000118743628, 0.0002500000118743628, 0.0002500000118743628, 0.0002500000118743628, 0.0002500000118743628, 0.0002500000118743628, 0.0002500000118743628, 0.0001250000059371814, 0.0001250000059371814, 0.0001250000059371814, 0.0001250000059371814, 0.0001250000059371814]}