{"jaccard_index": [0.3244936168193817, 0.3862895667552948, 0.405452698469162, 0.4660264849662781, 0.4813556969165802, 0.49204257130622864, 0.4958881437778473, 0.4917430877685547, 0.49792343378067017, 0.5282347798347473, 0.5557625889778137, 0.5622652769088745, 0.5859187841415405, 0.6035927534103394, 0.6096767783164978, 0.6288966536521912, 0.628804087638855, 0.6414484977722168, 0.6374863386154175, 0.6376225352287292, 0.6627853512763977, 0.6603521704673767, 0.6592978835105896, 0.664949893951416, 0.6664261221885681, 0.6659371256828308, 0.6784707307815552, 0.6746892333030701, 0.6834221482276917, 0.6864216923713684, 0.6713799238204956, 0.6710380911827087, 0.6773132085800171, 0.6807974576950073, 0.7003272175788879, 0.7058864235877991, 0.7120970487594604, 0.7165876626968384, 0.7124500274658203, 0.7176847457885742, 0.7219127416610718, 0.7226327061653137, 0.7199563384056091, 0.725428581237793, 0.7225771546363831, 0.7271014451980591, 0.7263179421424866, 0.730180561542511, 0.7352733612060547, 0.7473316192626953, 0.7479124069213867, 0.7491251230239868, 0.7555454969406128, 0.7570267915725708, 0.7554718255996704, 0.7592551112174988, 0.7664140462875366, 0.7647190093994141, 0.7769051790237427, 0.7781718373298645, 0.7806854844093323, 0.7824768424034119, 0.783902108669281], "loss": [0.5309311151504517, 0.4717397391796112, 0.4490271508693695, 0.39934125542640686, 0.3703526258468628, 0.36265814304351807, 0.36108696460723877, 0.36118268966674805, 0.35975125432014465, 0.33233457803726196, 0.3084201514720917, 0.30436819791793823, 0.28083550930023193, 0.2673288583755493, 0.26348188519477844, 0.24813763797283173, 0.24642622470855713, 0.23613257706165314, 0.24142998456954956, 0.2398187220096588, 0.21786490082740784, 0.21927332878112793, 0.22332341969013214, 0.216801255941391, 0.21671856939792633, 0.21612010896205902, 0.20597030222415924, 0.2096736580133438, 0.2026045173406601, 0.2000376135110855, 0.21135389804840088, 0.21257315576076508, 0.20748494565486908, 0.20446622371673584, 0.190156027674675, 0.1833721101284027, 0.17983780801296234, 0.17774586379528046, 0.1809445172548294, 0.1775318831205368, 0.17459546029567719, 0.17358645796775818, 0.17438791692256927, 0.17099669575691223, 0.17335103452205658, 0.17026697099208832, 0.17110152542591095, 0.16791528463363647, 0.16401635110378265, 0.15589480102062225, 0.1544930636882782, 0.15482448041439056, 0.15045176446437836, 0.14805595576763153, 0.14767704904079437, 0.14729838073253632, 0.143204465508461, 0.14449648559093475, 0.13614898920059204, 0.13516747951507568, 0.1335277557373047, 0.1325714886188507, 0.13127438724040985], "val_jaccard_index": [0.3285822868347168, 0.435502290725708, 0.47848963737487793, 0.4843361973762512, 0.518308699131012, 0.515582263469696, 0.5131356716156006, 0.4922281503677368, 0.4285522401332855, 0.5423271059989929, 0.5304692983627319, 0.5750892758369446, 0.6199378967285156, 0.5771663784980774, 0.6470425724983215, 0.5967064499855042, 0.638486921787262, 0.643318772315979, 0.6023131608963013, 0.6723472476005554, 0.6789385676383972, 0.662584125995636, 0.6773526072502136, 0.6823219656944275, 0.6539084315299988, 0.6868926286697388, 0.6721634864807129, 0.6814690828323364, 0.6923527121543884, 0.6813228130340576, 0.6762042045593262, 0.6896330714225769, 0.6931213736534119, 0.6703851819038391, 0.6941289901733398, 0.7122446894645691, 0.7021005749702454, 0.7143803834915161, 0.7147037386894226, 0.7123892307281494, 0.6900115013122559, 0.7131102085113525, 0.7167449593544006, 0.7158659100532532, 0.7052667737007141, 0.7083163261413574, 0.6779767274856567, 0.7021586298942566, 0.711739718914032, 0.7185215353965759, 0.7189914584159851, 0.7146315574645996, 0.7281310558319092, 0.7152106165885925, 0.7194962501525879, 0.7121926546096802, 0.7226187586784363, 0.711718738079071, 0.7232826352119446, 0.7070872783660889, 0.7200367450714111, 0.7190684080123901, 0.7257469892501831], "val_loss": [0.533820629119873, 0.4199773669242859, 0.3603326380252838, 0.3578140437602997, 0.3361380696296692, 0.3550349771976471, 0.34779027104377747, 0.3707168996334076, 0.4211691617965698, 0.32712194323539734, 0.3357778489589691, 0.30451223254203796, 0.26313817501068115, 0.28386712074279785, 0.24389789998531342, 0.2944161295890808, 0.2281387895345688, 0.23314353823661804, 0.2830866873264313, 0.21546079218387604, 0.2071215808391571, 0.22665925323963165, 0.20614276826381683, 0.20886021852493286, 0.22571150958538055, 0.19851326942443848, 0.2100507915019989, 0.20876513421535492, 0.19431857764720917, 0.20146457850933075, 0.20153945684432983, 0.19573868811130524, 0.19972266256809235, 0.2089191973209381, 0.18803226947784424, 0.1845821887254715, 0.19291122257709503, 0.1840118169784546, 0.18673458695411682, 0.1833256483078003, 0.18653468787670135, 0.1824490875005722, 0.18387871980667114, 0.1811763346195221, 0.18931980431079865, 0.18690334260463715, 0.201560378074646, 0.18501438200473785, 0.1887148916721344, 0.18137145042419434, 0.17727887630462646, 0.18380726873874664, 0.1747235357761383, 0.18555580079555511, 0.17942671477794647, 0.18062317371368408, 0.17883183062076569, 0.1843707114458084, 0.17822083830833435, 0.18005651235580444, 0.18136011064052582, 0.18248717486858368, 0.1803126037120819], "learning_rate": [0.0010000000474974513, 0.0010000000474974513, 0.0010000000474974513, 0.0010000000474974513, 0.0010000000474974513, 0.0010000000474974513, 0.0010000000474974513, 0.0010000000474974513, 0.0010000000474974513, 0.0010000000474974513, 0.0010000000474974513, 0.0010000000474974513, 0.0010000000474974513, 0.0010000000474974513, 0.0010000000474974513, 0.0010000000474974513, 0.0010000000474974513, 0.0010000000474974513, 0.0010000000474974513, 0.0010000000474974513, 0.0010000000474974513, 0.0010000000474974513, 0.0010000000474974513, 0.0010000000474974513, 0.0010000000474974513, 0.0010000000474974513, 0.0010000000474974513, 0.0010000000474974513, 0.0010000000474974513, 0.0010000000474974513, 0.0010000000474974513, 0.0010000000474974513, 0.0010000000474974513, 0.0010000000474974513, 0.0005000000237487257, 0.0005000000237487257, 0.0005000000237487257, 0.0005000000237487257, 0.0005000000237487257, 0.0005000000237487257, 0.0005000000237487257, 0.0005000000237487257, 0.0005000000237487257, 0.0005000000237487257, 0.0005000000237487257, 0.0005000000237487257, 0.0005000000237487257, 0.0005000000237487257, 0.0005000000237487257, 0.0002500000118743628, 0.0002500000118743628, 0.0002500000118743628, 0.0002500000118743628, 0.0002500000118743628, 0.0002500000118743628, 0.0002500000118743628, 0.0002500000118743628, 0.0002500000118743628, 0.0001250000059371814, 0.0001250000059371814, 0.0001250000059371814, 0.0001250000059371814, 0.0001250000059371814]}